{
  "Device": "SEKONIC CORPORATION SPECTROMASTER C-800",
  "Model": "C-800",
  "Firmware": "11",
  "Status": "0",
  "Remote": "0",
  "Button": "0",
  "Ring": "2",
  "Measurements": [
    {
      "Name": "iPhone15ProMax",
      "Note": "WideZoom",
      "Timestamp": 1731609518,
      "Illuminance": {
        "LUX": 922,
        "Fc": 85.6
      },
      "ColorTemperature": {
        "CCT": 4605.54248046875,
        "DeltaUv": -0.00187075010035187
      },
      "Tristimulus": {
        "X": 921.4225508069583,
        "Y": 921.8228280876637,
        "Z": 741.255393369027
      },
      "CIE1931": {
        "X": 0.35651859641075134,
        "Y": 0.3566734492778778
      },
      "CIE1976": {
        "Ud": 0.21715618669986725,
        "Vd": 0.4888136684894562
      },
      "DWL": {
        "Wavelength": 577.9945678710938,
        "ExcitationPurity": 13.998071670532227
      },
      "CRI": {
        "Ra": 92.42674255371094,
        "Ri": [
          96.54627227783203,
          94.88792419433594,
          94.26689147949219,
          88.61956787109375,
          93.0955581665039,
          93.01051330566406,
          88.87167358398438,
          90.11546325683594,
          92.80390167236328,
          91.51124572753906,
          91.99945831298828,
          70.32527160644531,
          96.47146606445312,
          97.49806213378906,
          93.14807891845703
        ]
      },
      "SpectralData": [
        {
          "Range": {
            "Type": "1nm",
            "StartNm": 380,
            "EndNm": 780,
            "StepNm": 1
          },
          "Values": [
            0.00032642969745211303,
            0.000323014915920794,
            0.00031750465859659016,
            0.00030996379791758955,
            0.0003004572354257107,
            0.00028911622939631343,
            0.0002762918302323669,
            0.00026238165446557105,
            0.00024778323131613433,
            0.00023282843176275492,
            0.00021752169413957745,
            0.00020176213001832366,
            0.00018544872000347823,
            0.0001685384922893718,
            0.00015145588258747011,
            0.00013483747898135334,
            0.00011932029883610085,
            0.00010549198486842215,
            0.00009332798072136939,
            0.0000823909358587116,
            0.00007223581633297727,
            0.00006243681127671152,
            0.00005300818520481698,
            0.00004438166070031002,
            0.00003700381057569757,
            0.00003131389894406311,
            0.00002741910248005297,
            0.000024971412130980752,
            0.00002359037534915842,
            0.000022897107555763796,
            0.000022895348593010567,
            0.00002434318230370991,
            0.00002807958662742749,
            0.000034944223443744704,
            0.00004562877438729629,
            0.000060370359278749675,
            0.00007933365122880787,
            0.00010268333426211029,
            0.0001307550846831873,
            0.0001647149765631184,
            0.00020592467626556754,
            0.000255745486356318,
            0.00031539605697616935,
            0.0003851655055768788,
            0.0004649708862416446,
            0.0005547284381464124,
            0.0006545220967382193,
            0.0007658936083316803,
            0.0008912693010643125,
            0.0010330966906622052,
            0.0011937778908759356,
            0.0013754172250628471,
            0.0015798571985214949,
            0.0018089122604578733,
            0.0020644820760935545,
            0.0023492188192903996,
            0.0026666270568966866,
            0.0030203487258404493,
            0.003414047183468938,
            0.003852920839563012,
            0.004344702698290348,
            0.004897362552583218,
            0.005518887657672167,
            0.006215538363903761,
            0.006989283952862024,
            0.007841629907488823,
            0.008774077519774437,
            0.009784605354070663,
            0.010860214941203594,
            0.011985710822045803,
            0.01314589660614729,
            0.014322815462946892,
            0.015486040152609348,
            0.016601629555225372,
            0.01763564720749855,
            0.01855551451444626,
            0.019339775666594505,
            0.019971059635281563,
            0.02043195813894272,
            0.020707400515675545,
            0.020802397280931473,
            0.020733052864670753,
            0.020515644922852516,
            0.020166859030723572,
            0.019709333777427673,
            0.019170168787240982,
            0.018576569855213165,
            0.01795545406639576,
            0.01732606254518032,
            0.016699764877557755,
            0.016087591648101807,
            0.015500440262258053,
            0.014943751506507397,
            0.014415517449378967,
            0.013913164846599102,
            0.013434160500764847,
            0.012978052720427513,
            0.012548232451081276,
            0.012148573994636536,
            0.011782937683165073,
            0.011454173363745213,
            0.011162721551954746,
            0.01090856920927763,
            0.010691706091165543,
            0.010511698201298714,
            0.01036656554788351,
            0.010253976099193096,
            0.010171596892178059,
            0.010116620920598507,
            0.010083718225359917,
            0.010066743940114975,
            0.010059550404548645,
            0.010056578554213047,
            0.01005669217556715,
            0.010060727596282959,
            0.0100695276632905,
            0.01008390262722969,
            0.010104218497872353,
            0.010130571201443672,
            0.010163056664168835,
            0.010201772674918175,
            0.010247012600302696,
            0.010299226269125938,
            0.010358861647546291,
            0.010426292195916176,
            0.010499651543796062,
            0.0105745242908597,
            0.010646356269717216,
            0.010710634291172028,
            0.010765441693365574,
            0.010812923312187195,
            0.010855574160814285,
            0.010895887389779091,
            0.010935677215456963,
            0.010975324548780918,
            0.011015031486749649,
            0.011054998263716698,
            0.011095277033746243,
            0.011135496199131012,
            0.011175203137099743,
            0.011213943362236023,
            0.011251677758991718,
            0.011290155351161957,
            0.011331567540764809,
            0.01137810293585062,
            0.011431737802922726,
            0.011493171565234661,
            0.011562632396817207,
            0.011640352196991444,
            0.011726194992661476,
            0.011816997081041336,
            0.01190801989287138,
            0.011994507163763046,
            0.01207191962748766,
            0.01213835645467043,
            0.012193751521408558,
            0.01223808340728283,
            0.012271413579583168,
            0.012295541353523731,
            0.01231391727924347,
            0.01233005803078413,
            0.012347454205155373,
            0.012368487194180489,
            0.012394088320434093,
            0.012425098568201065,
            0.012462357059121132,
            0.012505422346293926,
            0.012551559135317802,
            0.012597838416695595,
            0.012641333043575287,
            0.012680217623710632,
            0.012715685181319714,
            0.012749431654810905,
            0.012783151119947433,
            0.012818099930882454,
            0.012853482738137245,
            0.012887910939753056,
            0.012919995933771133,
            0.012948481366038322,
            0.0129732396453619,
            0.012994684278964996,
            0.013013234362006187,
            0.013029318302869797,
            0.013043537735939026,
            0.013056626543402672,
            0.013069321401417255,
